CTranspath_name_1shot_bacc,CTranspath_name_2shot_bacc,CTranspath_name_4shot_bacc,CTranspath_name_8shot_bacc,CTranspath_name_16shot_bacc,CTranspath_name_32shot_bacc,CTranspath_name_64shot_bacc,CTranspath_name_128shot_bacc,CTranspath_name_256shot_bacc,UNI_name_1shot_bacc,UNI_name_2shot_bacc,UNI_name_4shot_bacc,UNI_name_8shot_bacc,UNI_name_16shot_bacc,UNI_name_32shot_bacc,UNI_name_64shot_bacc,UNI_name_128shot_bacc,UNI_name_256shot_bacc,Gigapath_name_1shot_bacc,Gigapath_name_2shot_bacc,Gigapath_name_4shot_bacc,Gigapath_name_8shot_bacc,Gigapath_name_16shot_bacc,Gigapath_name_32shot_bacc,Gigapath_name_64shot_bacc,Gigapath_name_128shot_bacc,Gigapath_name_256shot_bacc,Conch-v1.5_name_1shot_bacc,Conch-v1.5_name_2shot_bacc,Conch-v1.5_name_4shot_bacc,Conch-v1.5_name_8shot_bacc,Conch-v1.5_name_16shot_bacc,Conch-v1.5_name_32shot_bacc,Conch-v1.5_name_64shot_bacc,Conch-v1.5_name_128shot_bacc,Conch-v1.5_name_256shot_bacc,ZN-path_name_1shot_bacc,ZN-path_name_2shot_bacc,ZN-path_name_4shot_bacc,ZN-path_name_8shot_bacc,ZN-path_name_16shot_bacc,ZN-path_name_32shot_bacc,ZN-path_name_64shot_bacc,ZN-path_name_128shot_bacc,ZN-path_name_256shot_bacc
0.5735233207275346,0.5509994597514857,0.5893233387358184,0.6751755807671529,0.6573586349720872,0.6803979830722132,0.6860683414370611,0.7217134882045741,0.7188164055465514,0.6396429857734558,0.580121105708626,0.5681478480100847,0.6909328291013866,0.6408067711147127,0.7115162974968485,0.7108274806410949,0.7154601116513596,0.755276427156492,0.3811903475598776,0.4127948856473978,0.5511255177381595,0.6766972807491446,0.7117526562218621,0.6648793444984693,0.7252993877183505,0.7487956960201693,0.7236786421754007,0.5118111831442463,0.4977219520979651,0.5778295515937332,0.6551548712407708,0.5898815955339456,0.5475148568341437,0.7036624347199711,0.7071335314244552,0.686180893210877,0.5562916441563119,0.5984310282730055,0.620563209076175,0.7068994237349181,0.6630312443724113,0.7337475238609761,0.72923194669548,0.7500720331352422,0.7578268503511616
0.5772690437601297,0.5878038897893031,0.5651292094363407,0.6354673149648838,0.5743809652440123,0.6897735458310823,0.726580226904376,0.6817778678191968,0.712450477219521,0.4703898793444985,0.4984377813794345,0.6276157032234828,0.5773883486403746,0.7257698541329012,0.7162817396002161,0.7376845849090581,0.7266882766072393,0.7617639113992436,0.6053079416531604,0.4597807491446065,0.5701917882225824,0.6107059247253737,0.6660498829461552,0.7040000900414191,0.7357171799027553,0.7042319466954798,0.7126845849090582,0.527955609580407,0.5715874302179003,0.5308526922384297,0.6184629929767693,0.6006325409688457,0.67715874302179,0.6645326850351162,0.638494957680533,0.6497253736718891,0.500423194669548,0.5755154871240771,0.6573698901494687,0.6485886007563479,0.7691855753646677,0.698462542769674,0.7691765712227625,0.762923194669548,0.7652395101746804
0.4970398883486403,0.6558301818836665,0.6546708986133621,0.7341031874662345,0.6827142985773456,0.723102377093463,0.7052741761210157,0.7106001260579866,0.7175423194669548,0.6810958040698721,0.5263483702503151,0.52243156852152,0.6276314604718171,0.6588735818476499,0.71824239150009,0.7549342697640915,0.7462565280028813,0.7335179182423914,0.4905163875382676,0.6095263821357825,0.6923217179902755,0.588832613001981,0.6875765352061949,0.6519066270484423,0.738501710786962,0.7290023410768953,0.7191608139744282,0.515356564019449,0.5570119755087339,0.5500540248514316,0.6310687916441563,0.5952120475418693,0.6294593012785881,0.6116356023770935,0.6780771654961282,0.6270326850351162,0.6681253376553214,0.4140397082658023,0.633175760849991,0.7103772735458311,0.7207838105528543,0.7374572303259499,0.7550490725733837,0.7648996038177562,0.7672069151809833
0.614390869800108,0.6467044840626688,0.5417341977309562,0.6850193589050964,0.6895236808932109,0.661878714208536,0.6847920043219882,0.7033067711147127,0.722636412749865,0.5507315865298037,0.6551728795245813,0.6204033855573564,0.6991401044480461,0.5662659823518819,0.7465941833243291,0.7224023050603277,0.7380334954078877,0.7490275526742302,0.5806073293715109,0.513607509454349,0.6532955159373312,0.5930127858815055,0.6093102827300558,0.6381415451107509,0.7089816315505133,0.6768008283810553,0.6822370790563659,0.6315482622006123,0.6348910498829461,0.5816923284710966,0.6140622186205654,0.5560777957860616,0.6516837745362867,0.6280749144606519,0.634438591752206,0.6556275886907978,0.5280253916801728,0.6222920043219882,0.6691428056906177,0.6945232306861157,0.675889159013146,0.7497253736718891,0.7525031514496668,0.7808661984512876,0.780170628489105
0.6046708986133621,0.6806050783360346,0.5845466414550693,0.6007563479200432,0.7305127858815055,0.6942801188546732,0.7200882405906717,0.7103660183684495,0.7274986493787142,0.6435530343958221,0.5389496668467495,0.5974068071312804,0.6366063389159013,0.7203336034575905,0.7160318746623446,0.7358387358184765,0.6437038537727355,0.7469498469295877,0.5624054565099946,0.5855911219160814,0.6344115793264902,0.6559674950477219,0.6485525841887269,0.737691338015487,0.7288875382676031,0.661293444984693,0.7353705204394021,0.5140689717269944,0.4958963623266702,0.6231158833063208,0.6160363767332973,0.6303844768593554,0.6489240050423195,0.6478750225103548,0.651107509454349,0.6862956960201693,0.5364667747163695,0.5540901314604718,0.5851139023951017,0.6752768773635873,0.7096997118674591,0.7205519538987935,0.756906176841347,0.6969475958941114,0.7767017828200973
0.5495025211597334,0.5359467855213398,0.4726386637853412,0.6610525841887268,0.608169007743562,0.6996038177561679,0.6997118674590311,0.7263416171438862,0.7071267783180263,0.3956847649918962,0.6150954439041959,0.5977827300558257,0.6869822618404466,0.6918602557176301,0.6940527642715649,0.7342044840626688,0.7592157392400505,0.7397667927246534,0.6588443183864577,0.4543490005402485,0.4615343057806591,0.6461304700162074,0.6364037457230326,0.6924342697640915,0.6646452368089321,0.6848978029893751,0.7258801548712408,0.5314919863137043,0.518926706284891,0.534670448406267,0.5905569061768414,0.6184764991896272,0.5845623987034037,0.6707973167657122,0.6361763911399243,0.6577120475418693,0.3961507293354943,0.6187893931208356,0.6446492886727895,0.6550355663605258,0.697748964523681,0.7411736898973528,0.7393008283810553,0.7606068791644156,0.7761187646317306
0.5981721591932289,0.6398725913920403,0.6526021970106248,0.6338465694219341,0.6690640194489466,0.68965874302179,0.723793444984693,0.7027282549972989,0.7160386277687736,0.6330316945795066,0.5225081037277147,0.5772240230506033,0.6000360165676211,0.6998356744102288,0.7148883486403745,0.7249549792904737,0.7006460471817035,0.7349068071312803,0.3897285251215559,0.5273275706825139,0.5833828561138124,0.637549522780479,0.6896452368089321,0.6557333873581848,0.7126800828381055,0.6955474518278408,0.7038852872321268,0.5230393481001261,0.6083670988654781,0.6076805330452008,0.6243697100666306,0.6027237529263462,0.6741446065189988,0.702271294795606,0.6600283630470016,0.6709053664685756,0.599795155771655,0.5420696020169278,0.5811543309922564,0.6616265982351882,0.7427876823338736,0.7727624707365388,0.7497253736718891,0.724725373671889,0.7731113812353683
0.3619620025211597,0.6323383756528003,0.6412637313164056,0.7196290293535026,0.7126800828381055,0.6459053664685755,0.679691157932649,0.7085134161714388,0.719046011165136,0.5651899873942013,0.6389541689177021,0.4744417432018729,0.6050490725733837,0.6964726274086079,0.7277327570682515,0.737569782099766,0.726573473797947,0.7514586709886548,0.6214636232667027,0.481651809832523,0.6276134521880066,0.6462250135062129,0.6642085359265262,0.7299297676931389,0.7497253736718891,0.7410386277687736,0.7034215739240051,0.5434764991896273,0.5333670988654782,0.5626710786962003,0.635595623987034,0.630861696380335,0.6689289573203674,0.60505132360886,0.6430082838105529,0.6687061048082118,0.6115162974968485,0.63074239150009,0.6034103187466234,0.5829484062668827,0.7101319106789123,0.7907077255537547,0.7704484062668828,0.7403520619484963,0.7637335674410228
0.5429700162074554,0.5398298217179902,0.6543264901854853,0.6619800108049703,0.6434697460831983,0.720090491626148,0.682131280388979,0.7077052944354403,0.7203223482802088,0.5982419412929948,0.5949554294975689,0.5567846209256258,0.6884927066450568,0.6519156311903476,0.6865298037097065,0.7174252656221862,0.7038875382676031,0.7454371510895011,0.5873334233747525,0.603851521699982,0.5905726634251756,0.6446222762470737,0.7501935890509634,0.7089771294795606,0.729472807491446,0.7107126778318027,0.7305082838105529,0.5367323969025752,0.5593305420493426,0.5944759589411128,0.5041103907797587,0.6331577525661805,0.6643053304520079,0.6324689357104267,0.6957905636592833,0.6749549792904737,0.5574261660363767,0.6160116153430578,0.6585111651359625,0.6778385557356383,0.66999144606519,0.7385062128579146,0.7321335314244553,0.7394246353322529,0.7593305420493427
0.5114690257518458,0.50965018908698,0.6456712587790383,0.6430127858815056,0.6009972087160094,0.6779511075094543,0.7053889789303079,0.7143030794165316,0.7233342337475239,0.5210134161714388,0.6038830361966505,0.6806185845488925,0.6074621826039979,0.7118697100666307,0.6917386998019088,0.7128038897893031,0.7527327570682514,0.7227512155591572,0.5293107329371511,0.6111426256077795,0.6249212137583289,0.700303889789303,0.6229763191067891,0.724837925445705,0.764665496128219,0.6685755447505852,0.7402350081037277,0.5535633891590132,0.5767040338555736,0.597269493967225,0.6343282910138663,0.5824756888168557,0.6634882045741041,0.6479853232486943,0.6692823698901496,0.6668535026112011,0.5310327750765352,0.585221952097965,0.7002993877183504,0.6960066630650099,0.6443859175220601,0.7893188366648658,0.769406176841347,0.7606068791644156,0.7777395101746803
0.6077908337835405,0.6404330992256437,0.568361696380335,0.6411601836844949,0.6680105348460292,0.6882676030974249,0.7021474878444084,0.7075949936971007,0.7222897532865118,0.54389068971727,0.6170943634071673,0.6191563119034755,0.671684224743382,0.5903385557356384,0.6325679812713848,0.7210134161714388,0.7652417612101567,0.7291171438861876,0.6485458310822979,0.6202930848190167,0.4905659103187466,0.6809472357284351,0.6662704844228344,0.6820029713668287,0.7246083198271205,0.7159238249594814,0.7413920403385557,0.5653070412389699,0.5460831982712048,0.5995925625787862,0.5684472357284351,0.6244867639113992,0.5862911939492166,0.668354943273906,0.657477939852332,0.6404646137223122,0.5913807851611741,0.6705406987214119,0.6460021609940573,0.6589546191247974,0.6597897532865118,0.6978570142265442,0.7090896812533765,0.7638528723212679,0.7573676391139924
0.5477016927786782,0.5835269223842967,0.5225441202953358,0.631215108950117,0.6651134521880064,0.7000742841707186,0.7154601116513596,0.6861763911399243,0.6984445344858635,0.6129051863857374,0.632392400504232,0.5613789843327931,0.7147622906537007,0.7354898253196471,0.7442823698901495,0.7380312443724113,0.7446290293535026,0.7395371871060687,0.6081329911759409,0.5173194669547992,0.5943836664865838,0.6385985053124437,0.5732306861156131,0.7376845849090581,0.6796956600036017,0.720669007743562,0.7177741761210157,0.5102984873041599,0.5888393661084099,0.6014541689177021,0.6391815235008104,0.5732126778318026,0.6981023770934629,0.7057491446065189,0.64682603997839,0.6922069151809833,0.5567621105708626,0.5587317666126419,0.5957545470916622,0.6757450927426616,0.7379254457050244,0.7016837745362867,0.7543557536466774,0.7540068431478479,0.7723010084638935
0.5575364667747164,0.645407887628309,0.6033900594273366,0.6778453088420673,0.6418399963983432,0.6983364847830003,0.7325882405906717,0.7004141905276426,0.712450477219521,0.5715041419052764,0.7235593372951559,0.5221772015126959,0.5696020169277868,0.7064357104267963,0.7021384837025032,0.7143098325229605,0.754119394921664,0.7566675670808571,0.5401854853232487,0.5464906356924185,0.5954371510895011,0.4809652440122456,0.7207860615883306,0.7418647577885827,0.7100126057986673,0.7073563839366108,0.6956622546371332,0.4974540788762831,0.5427381595533946,0.5461034575904916,0.5816855753646677,0.6049230145867099,0.6655816675670809,0.6247186205654601,0.6295831082297857,0.674259409328291,0.551897622906537,0.6502723752926346,0.5500855393481001,0.6774873942013326,0.7277417612101567,0.7245970646497388,0.7460246713488204,0.7586349720871601,0.77426616243472
0.5282144786601837,0.4808684494867639,0.589186025571763,0.6325949936971007,0.6810935530343958,0.7048082117774177,0.6972920043219881,0.7112956960201693,0.7167319466954799,0.6103817756167838,0.5306230866198451,0.5661489285071133,0.7200882405906717,0.5749414730776157,0.7145371871060688,0.7563209076175041,0.7256482982171799,0.7403453088420673,0.5776922384296777,0.632336124617324,0.5631257878624167,0.6858364847830002,0.6339726274086079,0.7082928146947596,0.6982216819737079,0.7000675310642895,0.7085134161714388,0.5318949216639655,0.5604943273905997,0.6104650639294076,0.6213533225283631,0.5419593012785882,0.6427674230145868,0.654578606158833,0.6406897172699442,0.6467112371690977,0.5817733657482442,0.6090063929407528,0.6422024131100306,0.7298149648838466,0.6665045921123717,0.7707973167657123,0.7650031514496669,0.746832793084819,0.756899423734918
0.5931095804069872,0.5602624707365388,0.6395371871060689,0.663028993336935,0.6824644336394742,0.7182401404646137,0.6976341617143886,0.7063164055465514,0.7092089861336215,0.4950792364487664,0.6444984692958761,0.619356654060868,0.7050535746443364,0.7002048442283451,0.649950477219521,0.7362956960201692,0.7075904916261481,0.7655816675670808,0.616810732937151,0.5851319106789123,0.6153475598775437,0.6303777237529263,0.549844678552134,0.619158562938952,0.7373424275166577,0.734911309202233,0.7420853592652621,0.4490320547451828,0.5280614082477939,0.5589928867278948,0.6151989915361066,0.6888438681793625,0.6263483702503152,0.6740320547451828,0.6408090221501891,0.6423127138483702,0.491930037817396,0.5976026472177202,0.6118336934990095,0.7389721772015128,0.7202255537547272,0.6628083918602556,0.7625787862416712,0.7346749504772195,0.7632676030974248
0.6304767693138844,0.5638483702503152,0.5450004502070953,0.6604785701422654,0.6288942913740321,0.6934719971186746,0.7097875022510354,0.6990253016387538,0.7212475238609761,0.5654285971546911,0.5527057446425355,0.4732081757608499,0.6103705204394021,0.6483297316765713,0.6812038537727354,0.699837925445705,0.7500765352061949,0.7459053664685755,0.5760624887448226,0.5490320547451828,0.6635895011705384,0.6682356383936611,0.7016815235008104,0.6831645056726094,0.6433504412029534,0.680848190167477,0.7413920403385557,0.444293625067531,0.5888168557536467,0.5718485503331532,0.6090874302179001,0.6648928507113272,0.6393143345939132,0.6035363767332973,0.6094408427876823,0.6602557176301098,0.6082477939852332,0.5032707545470917,0.5417432018728615,0.6846839546191248,0.6820164775796866,0.7323653880785161,0.7844566000360166,0.7574846929587611,0.7805195389879345
0.6110525841887268,0.5270214298577346,0.5855055825679814,0.7084031154330992,0.6300355663605258,0.6136120115253016,0.6600216099405727,0.7177786781919683,0.6955519538987934,0.5858387358184765,0.5714298577345579,0.4962430217900234,0.7213713308121736,0.7248559337295155,0.7357194309382316,0.7320142265442104,0.7300468215379075,0.7088645777057446,0.6322505852692238,0.586392490545651,0.4388371150729335,0.5847784981091302,0.7019178822258239,0.6244777597694939,0.7085179182423915,0.6940437601296596,0.7161556816135421,0.4887493246893571,0.5571492886727895,0.5975216099405727,0.5758801548712408,0.5754029353502611,0.6280726634251756,0.6669750585269223,0.6255334954078877,0.6536556816135421,0.4500765352061949,0.5353097424815415,0.6675288132540969,0.7088803349540789,0.7587677831802628,0.7442913740320547,0.7520439402124978,0.771148478300018,0.7512313164055466
0.5372231226364128,0.6396384837025032,0.5948721411849451,0.6175378173960022,0.6674297676931389,0.6674320187286151,0.7073608860075635,0.7257653520619485,0.7227534665946336,0.5037074554294976,0.5068701602737259,0.7037614802809292,0.6799252656221861,0.697989825319647,0.6455654601116514,0.7512268143345939,0.7347965063929407,0.7360593372951558,0.4823631370430398,0.612761120115253,0.4476364127498649,0.554225193589051,0.7420853592652621,0.6803957320367369,0.7030681613542229,0.7078155951737799,0.745675760849991,0.5515352061948496,0.5910363767332973,0.5185800468215379,0.6300333153250495,0.6167386998019089,0.6729965784260761,0.6997231226364127,0.6411556816135422,0.6349090581667567,0.5147285251215559,0.6301593733117234,0.6644133801548713,0.7138483702503151,0.6984535386277688,0.6785633891590132,0.7506482982171799,0.7864240050423195,0.7490275526742302
0.5088938411669368,0.4349968485503331,0.5207703043399964,0.6292161894471457,0.7079506573023591,0.6447460831982712,0.6956712587790383,0.7051616243471996,0.7021474878444084,0.5301346119214838,0.4455001800828381,0.4821087700342157,0.7098978029893751,0.6634972087160094,0.6214771294795607,0.7369935170178281,0.7354920763551234,0.7366401044480462,0.5780726634251756,0.61290968845669,0.5922204213938411,0.6046821537907437,0.7519448946515397,0.7246173239690257,0.6453133441383037,0.7034193228885288,0.7272667927246533,0.5841977309562398,0.5031987214118494,0.6036556816135422,0.5556185845488925,0.5901202052944354,0.6705609580406987,0.694399423734918,0.6535408788042499,0.6555127858815055,0.5083558436880965,0.5272330271925085,0.5721704484062669,0.7292274446245273,0.6977624707365389,0.7675625787862417,0.755170628489105,0.7669795605978751,0.7549320187286153
0.4912209616423555,0.494250855393481,0.6519021249774897,0.619032504952278,0.6563254096884568,0.7275099045560958,0.6875697820997659,0.7086304700162074,0.7183504412029533,0.4627768773635872,0.7012178101926887,0.5644291374032055,0.6500652800288133,0.6898905996758509,0.6829349000540248,0.7286579326490186,0.7389586709886549,0.7435890509634432,0.5943836664865838,0.6325724833423375,0.6421123716909778,0.5068881685575365,0.710483072213218,0.701679272465334,0.6898748424275167,0.7014564199531784,0.7244890149468756,0.471578426075995,0.6178957320367369,0.5853660183684495,0.6294502971366829,0.6074824419232847,0.6493697100666307,0.6192868719611021,0.6897735458310823,0.6557378894291375,0.5539483162254637,0.6673239690257519,0.555157122276247,0.6865275526742302,0.6932446425355663,0.6934652440122456,0.7419818116333513,0.7652395101746804,0.7703313524221141
0.5504772195209796,0.6173892490545652,0.513494957680533,0.6881325409688457,0.6860570862596795,0.6794615523140645,0.7118697100666307,0.7337475238609761,0.7146497388798847,0.5785206194849631,0.5900999459751486,0.4482104267963263,0.5865320547451828,0.5560777957860616,0.7413897893030794,0.7008779038357644,0.7410386277687736,0.7378016387538268,0.4655591572123176,0.6209819016747704,0.6302561678372052,0.6259792004321988,0.714186025571763,0.6853660183684496,0.7263438681793626,0.6880267423014587,0.7305127858815055,0.5552516657662525,0.5246916081397444,0.5927561678372051,0.6284193228885288,0.5909080677111471,0.6501755807671529,0.636646857554475,0.6886210156672069,0.6397690437601297,0.4929610120655501,0.5652079956780118,0.6016905276427156,0.6461349720871601,0.5675445705024311,0.749844678552134,0.7424387718350441,0.7500720331352422,0.7726454168917702
0.5035183684494867,0.5286241671168738,0.5049162614802809,0.5735503331532505,0.6989172519358905,0.6859512875922924,0.7160363767332973,0.6807378894291374,0.7065482622006123,0.664510174680353,0.5391657662524761,0.4814064469656042,0.711977759769494,0.651001710786962,0.7256437961462272,0.5946222762470736,0.7477557176301098,0.7444016747703943,0.6463488204574104,0.6066540608679993,0.5441698181163335,0.6919547992076356,0.6844430938231587,0.6648815955339455,0.7482194309382315,0.6967089861336214,0.7389586709886549,0.5079956780118855,0.5486606338915901,0.5945997658923105,0.5225216099405726,0.5671821537907438,0.6322393300918423,0.7225328651179542,0.7005402485143166,0.6895394381415452,0.6285048622366288,0.5757338375652801,0.5216752206014768,0.7110525841887269,0.7467224923464794,0.7269246353322528,0.6955722132180804,0.7765847289753287,0.7788987934449847
0.5699261660363767,0.4792206915180983,0.6291238969926166,0.7107284350801368,0.6578291013866379,0.6974000540248514,0.6956667567080858,0.7249527282549972,0.7155771654961283,0.5140847289753286,0.5149941473077616,0.6472717450027012,0.6574734377813795,0.6575972447325771,0.7199734377813795,0.7566653160453809,0.7011165135962543,0.7232171799027552,0.6385827480641095,0.6387110570862596,0.6930082838105529,0.5984647938051504,0.6413762830902214,0.6908022690437601,0.6820119755087339,0.6783045200792365,0.722170448406267,0.5671483882585989,0.5139451647757969,0.5841819737079057,0.5587430217900233,0.5861831442463534,0.6905839186025572,0.6101431658562939,0.6290023410768955,0.661646857554475,0.5069737079056366,0.5821087700342158,0.6756437961462273,0.6428889789303079,0.6422181703583649,0.7408180262920944,0.7600261120115253,0.7701062488744823,0.7700994957680534
0.4833198271204754,0.5992278948316225,0.629810462812894,0.6432311363227085,0.6592089861336214,0.689073473797947,0.7096772015126959,0.7122141184945074,0.7122186205654601,0.6099225643796146,0.6412772375292635,0.6332883126238069,0.5411309202233028,0.7144426436160634,0.7275099045560958,0.7294638033495409,0.7396542409508374,0.7562038537727355,0.623419773095624,0.5203065910318747,0.6217900234107689,0.663720061228165,0.7152462632811093,0.7229853232486944,0.6956667567080858,0.6752903835764452,0.7118697100666307,0.5095804069872141,0.5786556816135422,0.5786871961102107,0.5689289573203673,0.5946267783180263,0.6394201332613002,0.7275076535206195,0.6610660904015848,0.6396497388798847,0.6500697820997658,0.5939177021429858,0.4806163335134161,0.624471006663065,0.7314604718170359,0.741281739600216,0.7500742841707185,0.7648905996758508,0.7582883126238069
0.5903070412389699,0.5954664145506933,0.6604920763551234,0.6502993877183505,0.6858252296056186,0.6761075094543489,0.7037659823518818,0.7236831442463534,0.709557896632451,0.4504929767693139,0.6807266342517557,0.66429182423915,0.6559562398703404,0.6815482622006123,0.6693949216639654,0.7144178822258238,0.7638483702503152,0.7417319466954799,0.413494957680533,0.661511795425896,0.5813209076175041,0.6478412569782099,0.6891770214298577,0.7297046641455069,0.6815415090941833,0.7327097965063929,0.7145349360705925,0.5063681793625068,0.505388978930308,0.5383756528002881,0.5509972087160093,0.6316608139744282,0.625634792004322,0.6295876103007383,0.6765757248334234,0.6844543490005403,0.4781401944894651,0.6516590131460471,0.6703133441383036,0.6910296236268684,0.7021474878444084,0.6757721051683775,0.7294638033495409,0.7572505852692238,0.7744980190887808
0.5138101026472177,0.5950724833423374,0.6575994957680533,0.5927516657662525,0.6977579686655861,0.7305172879524582,0.7042296956600036,0.712797136682874,0.7168490005402485,0.4599968485503332,0.5683324329191428,0.6800558256798127,0.6454236448766433,0.673568341437061,0.6861786421754006,0.6603817756167838,0.7331712587790384,0.7482171799027553,0.6259792004321988,0.6640599675850891,0.6344408427876823,0.6514451647757968,0.7163830361966504,0.6668399963983432,0.7311993517017829,0.7338668287412209,0.6894133801548712,0.5632450927426617,0.6137043039798307,0.6024986493787142,0.5837520259319287,0.6021587430217901,0.683069962182604,0.6701062488744822,0.6484490365568161,0.6599090581667567,0.535122906537007,0.6468350441202952,0.6769493967224923,0.727052944354403,0.6657009724473257,0.7045763551233568,0.7461529803709706,0.7581780118854673,0.7821380334954079
0.6704236448766432,0.5506528002881326,0.5692666126418152,0.6935732937151089,0.6949666846749505,0.6567756167837205,0.709557896632451,0.7022645416891771,0.7147667927246533,0.5849765892310462,0.6282099765892311,0.584551143526022,0.6531874662344679,0.6714906356924185,0.6785386277687736,0.6967112371690978,0.7125742841707186,0.745788312623807,0.4913627768773635,0.5811813434179722,0.6089636232667027,0.6677786781919683,0.766867008824059,0.6806095804069873,0.713022240230506,0.7046956600036016,0.7417386998019089,0.4195997658923104,0.5416441563119034,0.5622343778137944,0.5859377813794345,0.6306275886907977,0.6669773095623988,0.6800513236088601,0.6487934449846929,0.6560867999279669,0.5600846389339096,0.6182288852872322,0.6157077255537547,0.5462182603997839,0.6970646497388799,0.7227557176301098,0.7378038897893031,0.7802899333693498,0.7749594813614262
0.5253264001440663,0.5536871961102108,0.4974968485503331,0.7081735098145148,0.6875675310642895,0.7089838825859895,0.6947438321627949,0.7079371510895012,0.717544570502431,0.5805037817396002,0.6183729515577165,0.5655433999639834,0.5736718890689717,0.6964861336214658,0.6570074734377813,0.7425513236088601,0.735023860976049,0.7489127498649379,0.6148545831082297,0.6152147487844408,0.6520371871060688,0.6771474878444084,0.6469520979650639,0.7493877183504412,0.7662794885647397,0.7205519538987935,0.7389609220241311,0.4990523140644696,0.526418152350081,0.5820277327570682,0.555974248154151,0.6212317666126419,0.608628218980731,0.6030771654961282,0.6498424275166577,0.6352512155591572,0.5111156131820638,0.6447573383756529,0.5759634431838645,0.6389541689177021,0.721486133621466,0.7386120115253016,0.7913965424095084,0.7615365568161354,0.7695232306861156
0.621558166756708,0.5944759589411128,0.6344295876103008,0.6721636952998379,0.6690527642715649,0.725882405906717,0.6763438681793625,0.7154601116513596,0.7324756888168558,0.5643165856293895,0.6223707905636593,0.6628083918602556,0.6618764631730596,0.7208986133621466,0.6070142265442104,0.7045831082297858,0.6928912299657843,0.7431298397262741,0.6396294795605979,0.607342877723753,0.5851003961822439,0.6954461552314064,0.7078313524221141,0.7059764991896272,0.7137223122636414,0.734445344858635,0.7176571222762471,0.4983612461732397,0.5660453808752026,0.6189222042139384,0.5639654240950838,0.6212565280028813,0.6508756528002881,0.675191338015487,0.6639586709886548,0.6817868719611021,0.519829371510895,0.5884476859355303,0.6590941833243291,0.6831735098145146,0.7166193949216639,0.6339928867278948,0.7227534665946336,0.7764676751305601,0.7851499189627229
0.5002791283990635,0.5419930668107329,0.5876755807671529,0.6537727354583108,0.6526157032234828,0.6763528723212677,0.7198676391139924,0.7302741761210156,0.7119867639113993,0.6205789663245093,0.6013213578245993,0.6449756888168557,0.7169773095623987,0.7263371150729336,0.6971636952998379,0.7277192508553935,0.6678979830722132,0.7359490365568162,0.6570164775796867,0.6480866198451287,0.6530591572123177,0.645781559517378,0.7225441202953358,0.6249392220421394,0.6669615523140644,0.7208986133621466,0.7022645416891771,0.5317531064289573,0.5446222762470736,0.5896272285251216,0.5941653160453808,0.5903498109130201,0.6123401764811813,0.6704371510895011,0.6756505492526562,0.6698631370430398,0.4855145867098865,0.5531762110570863,0.5843192868719611,0.7243922204213938,0.7058459391320007,0.7499549792904736,0.7404556095804069,0.7545988654781199,0.7733409868539528
0.6018818656582028,0.5141612641815235,0.523313974428237,0.5681073293715109,0.6958896092202413,0.6822415811273186,0.7166171438861877,0.7187016027372591,0.7145349360705925,0.6622096164235549,0.5968980731136323,0.6741446065189988,0.6379096884566902,0.6060980551053485,0.699146857554475,0.7435822978570142,0.6585134161714388,0.7352557176301099,0.5914753286511796,0.6443791644156311,0.5850193589050963,0.7481181343417972,0.7419683054204934,0.6720533945614984,0.7176638753826761,0.6674252656221862,0.7015689717269944,0.5820840086439762,0.5741446065189988,0.5786331712587791,0.6281852151989915,0.6302696740500631,0.6909328291013866,0.6379164415631191,0.7020394381415451,0.6652327570682515,0.61893345939132,0.6296663965424095,0.693361696380335,0.6425400684314785,0.675099045560958,0.699146857554475,0.7461304700162075,0.7437106068791643,0.7703336034575905
0.5793062308661985,0.6267828200972447,0.657795335854493,0.5985773455789664,0.6763326130019809,0.7186993517017828,0.6954303979830723,0.7107149288672789,0.7101386637853413,0.5082928146947596,0.6157887628309022,0.6317711147127678,0.6012313164055465,0.7035521339816315,0.6685867999279669,0.71314829821718,0.7397690437601296,0.7527282549972988,0.6302449126598235,0.6562961462272645,0.5821065189987393,0.5967022330271925,0.7474203133441383,0.7213758328831262,0.6921934089681254,0.7323608860075634,0.7325927426616243,0.4492639113992437,0.5997208716009365,0.5698631370430398,0.5833851071492887,0.5704349000540249,0.67784981091302,0.6126823338735818,0.7212542769674051,0.6435867999279669,0.515336304700162,0.6067711147127679,0.6387020529443544,0.636088600756348,0.6963713308121736,0.7446335314244552,0.7350261120115253,0.770675760849991,0.760489825319647
0.5984085179182423,0.6662614802809292,0.5437173599855933,0.6481991716189447,0.6579303979830722,0.6884972087160093,0.7051616243471996,0.7060867999279669,0.7169638033495408,0.5145349360705925,0.6689537187106068,0.6960134161714389,0.7276157032234828,0.7325882405906717,0.650641545110751,0.7053867278948316,0.7411534305780658,0.7226386637853413,0.4265689717269944,0.4907865117954259,0.6394088780839186,0.6191563119034755,0.6029601116513597,0.7129186925985953,0.7097830001800829,0.6626778318026292,0.7538920403385557,0.4932806591031874,0.5740207995678012,0.5764519178822258,0.5894088780839186,0.6140689717269945,0.5839838825859895,0.635595623987034,0.6442823698901494,0.6277305060327751,0.5044052764271565,0.6866513596254278,0.7317913740320547,0.6881392940752746,0.7389586709886549,0.6971794525481722,0.7100148568341438,0.7324734377813795,0.7748469295876104
0.4573878984332793,0.6271452368089321,0.6905816675670808,0.6440460111651359,0.6073743922204213,0.7215986853952818,0.7071357824599316,0.6956667567080858,0.7008756528002882,0.4690437601296596,0.5487686835944534,0.6305893210877003,0.7045741040878803,0.6395349360705924,0.7179992796686476,0.7593372951557716,0.7298194669547993,0.7313186565820278,0.4969340896812534,0.6474968485503332,0.6115433099225643,0.4918377453628669,0.7182446425355664,0.712797136682874,0.7439357104267963,0.7177764271564919,0.6795763551233567,0.5282955159373312,0.579337745362867,0.5116491085899514,0.6756370430397983,0.6585224203133442,0.6034328291013866,0.5874482261840447,0.6535408788042499,0.6523838465694219,0.4628939312083558,0.4788672789483162,0.620054475058527,0.6945029713668287,0.7451039978390059,0.7290045921123717,0.7544840626688276,0.7709098685395281,0.7659328291013867
0.4740838285611381,0.6263236088600757,0.5827007923644876,0.6655659103187466,0.6654713668287412,0.7115253016387538,0.7162727354583108,0.7305060327750765,0.714186025571763,0.6134544390419593,0.6654398523320728,0.6107036736898974,0.6918422474338195,0.6857104267963263,0.7060845488924905,0.7634994597514857,0.7477579686655862,0.7516882766072392,0.4588308121735999,0.6146204754186926,0.5973820457410408,0.6193926706284891,0.7070029713668287,0.6349000540248514,0.7239104988294616,0.7094430938231586,0.7168490005402485,0.5782009724473258,0.6105145867098866,0.5527350081037277,0.6189222042139384,0.6287727354583108,0.564298577345579,0.6491378534125698,0.6519201332613003,0.6471749504772195,0.5429497568881686,0.6488879884746983,0.6924162614802809,0.6583918602557176,0.7375675310642895,0.718235638393661,0.7319039258058707,0.7572505852692238,0.7771587430217901
0.5315662704844228,0.5547181703583648,0.524696110210697,0.6559652440122457,0.6549185125157573,0.721479380515037,0.7079394021249774,0.7008801548712408,0.7212497748964524,0.482322618404466,0.4804970286331712,0.597728705204394,0.6941608139744282,0.5888258598955519,0.7044660543850171,0.7226409148208175,0.7204394021249775,0.7595601476679272,0.5061813434179723,0.6247141184945075,0.5964816315505133,0.6492414010444805,0.6768120835584368,0.6778453088420673,0.6729808211777417,0.6779533585449307,0.7344475958941112,0.5470218800648298,0.5254974788402665,0.6089816315505132,0.559085179182424,0.6174185125157573,0.6746015667206915,0.7016905276427157,0.6633756528002881,0.6858364847830002,0.4155659103187466,0.5237574284170718,0.603160453808752,0.7630447505852692,0.6873311723392761,0.7738092022330272,0.7382698541329011,0.7758914100486223,0.7687083558436881
0.4799950477219521,0.6701850351161535,0.6060575364667747,0.6483072213218081,0.6845601476679273,0.7169660543850171,0.7192846209256258,0.7197550873401765,0.705735638393661,0.6442688636772915,0.5318971726994417,0.4502746263281109,0.6794412929947776,0.7203088420673509,0.7022645416891771,0.7271564919863137,0.7176616243471997,0.7276157032234828,0.5674995497929047,0.565610931028273,0.4921934089681253,0.6771384837025032,0.6494980190887808,0.7197438321627949,0.7263438681793626,0.7434697460831983,0.706314154511075,0.5532820097244733,0.5588150549252656,0.6166148928507114,0.5835201692778678,0.6666283990635693,0.6658045200792364,0.6536601836844949,0.6189289573203673,0.6537727354583108,0.6620880605078336,0.5938051503691698,0.6523860976048983,0.6822303259499369,0.7105866198451287,0.7504254457050243,0.765244012245633,0.7611898973527823,0.7764676751305601
0.5101926886367729,0.5053507113272105,0.5670898613362146,0.5999302179002342,0.6668422474338196,0.6682401404646137,0.6651157032234828,0.7193949216639655,0.710595623987034,0.60859220241311,0.5476184044660544,0.6006122816495588,0.6977467134882046,0.5886007563479201,0.7209053664685756,0.7476364127498649,0.7226386637853413,0.7616446065189988,0.6217247433819557,0.6071155231406447,0.6457590491626148,0.6689357104267963,0.6512088060507834,0.6919593012785881,0.6601251575724834,0.7009904556095804,0.7044638033495407,0.5179475058526922,0.526629749684855,0.4644268863677291,0.6013438681793626,0.5362911939492166,0.5594566000360166,0.67715874302179,0.655395732036737,0.6785431298397263,0.5690009904556096,0.6429902755267423,0.6097492346479381,0.7295898613362146,0.6738001980911219,0.7205654601116513,0.7318949216639654,0.7587565280028814,0.7710246713488205
0.5374684855033316,0.5711574824419232,0.5964681253376554,0.6779443544030254,0.695563209076175,0.7286624347199712,0.6872208716009365,0.7228682694039259,0.709438591752206,0.578964073473798,0.5164753286511795,0.6998334233747524,0.7123536826940393,0.7077142985773456,0.7422024131100307,0.7192868719611021,0.7159260759949577,0.7364127498649379,0.6268008283810553,0.5235075634792005,0.5392873221681973,0.6449644336394742,0.621360075634792,0.6311993517017829,0.6721681973707906,0.7263416171438862,0.715230506032775,0.5521137223122636,0.57215018908698,0.5541216459571403,0.5461394741581127,0.6181208355843688,0.6167364487664326,0.6751800828381055,0.5963668287412209,0.6288875382676031,0.5808076715289032,0.5347830001800828,0.7145281829641635,0.7346907077255538,0.6900076535206194,0.7446380334954079,0.7584166216459571,0.7668625067531064,0.7707928146947596
0.4620565460111651,0.6397870520439402,0.6405433999639835,0.6208783540428597,0.6744935170178281,0.6812038537727354,0.7137245632991176,0.7248401764811814,0.6979830722132181,0.631651809832523,0.7072348280208895,0.7078155951737799,0.6551548712407708,0.696720241311003,0.6224023050603278,0.6994845128759228,0.7331667567080857,0.7327075454709167,0.5529105888708806,0.4813434179722672,0.6512223122636414,0.5940707725553754,0.6729740680713128,0.7397712947956059,0.6721704484062669,0.7432423915000901,0.7180082838105528,0.45574239150009,0.5476701782820097,0.5901404646137223,0.6454326490185485,0.6615253016387539,0.6298149648838466,0.6461349720871601,0.6638438681793626,0.7007698541329012,0.5692643616063389,0.6819039258058708,0.6931118314424636,0.6773680893210877,0.7287749864937871,0.7205654601116513,0.7270326850351162,0.7647735458310823,0.7652395101746804
0.600641545110751,0.6344273365748244,0.6117323969025752,0.5510895011705385,0.6918422474338195,0.7000652800288132,0.7395394381415451,0.7168444984692959,0.7207838105528543,0.5558571943093823,0.5026202052944354,0.5445164775796867,0.656793625067531,0.6832838105528543,0.7542432018728615,0.7217157392400504,0.7472965063929408,0.7434719971186745,0.5940347559877543,0.6260827480641096,0.6153475598775437,0.6919840626688276,0.7023793444984693,0.6483184764991896,0.7348010084638934,0.7306230866198451,0.7107171799027552,0.5740162974968486,0.550261120115253,0.5822258238789844,0.6289978390059427,0.6327210516837746,0.6695097244732577,0.6520371871060688,0.6315505132360886,0.6971817035836485,0.5642580587070052,0.4591797226724293,0.5751868359445345,0.6887335674410229,0.7299477759769495,0.7466031874662344,0.7235683414370611,0.772764721772015,0.7461349720871601
0.5571943093823158,0.6006370430397983,0.6754051863857374,0.6633914100486223,0.6521632450927427,0.6747118674590311,0.732011975508734,0.6895371871060688,0.7107149288672789,0.6367414010444804,0.591351521699982,0.7075769854132901,0.5273545831082298,0.6993809652440123,0.7049252656221862,0.7491401044480461,0.7185867999279669,0.7350216099405726,0.5764271564919863,0.6045650999459752,0.6547114172519359,0.6781874662344678,0.6961327210516838,0.6990253016387538,0.7148725913920404,0.7396542409508374,0.715343057806591,0.539672249234648,0.6162389699261661,0.6142017828200972,0.6220736538807852,0.6548104628128939,0.6051593733117233,0.6434674950477219,0.6852512155591572,0.6587497748964524,0.5969003241491085,0.6101026472177201,0.7078110931028273,0.5832635512335674,0.6984580406987214,0.7599113092022329,0.7445164775796866,0.7332928146947596,0.7683639474158113
0.6309562398703403,0.502370340356564,0.6141522600396182,0.5075679812713848,0.6589748784440843,0.709551143526022,0.6960134161714389,0.7130334954078876,0.7255334954078876,0.4155366468575545,0.5690527642715649,0.6492684134701963,0.6174365207995678,0.7406874662344678,0.7367639113992437,0.7449824419232847,0.7601386637853413,0.762337925445705,0.536653610660904,0.5456735098145147,0.6712475238609761,0.6283022690437601,0.5878196470376373,0.7182378894291375,0.7431298397262741,0.6736696380334954,0.7263416171438862,0.5217022330271925,0.4877768773635872,0.5867459031154331,0.6464636232667027,0.6452120475418692,0.6636030073833964,0.6261007563479201,0.6481046281289393,0.6360638393661084,0.5274378714208536,0.5371285791464073,0.6355078336034576,0.68896767513056,0.7080429497568882,0.7483387358184765,0.7494980190887808,0.7601431658562938,0.7549320187286153
0.5410026112011526,0.5892783180262922,0.5870948136142626,0.6325949936971007,0.7012335674410228,0.7014541689177021,0.719046011165136,0.7044660543850171,0.7134949576805331,0.5875382676030975,0.4987821898073113,0.6081397442823698,0.6626913380154871,0.7245993156852152,0.6893075814874843,0.7543490005402484,0.7422001620745543,0.7271542409508374,0.6377723752926346,0.5506122816495588,0.571366828741221,0.4717089861336214,0.740124707365388,0.7026157032234828,0.7228705204394021,0.730276427156492,0.6895304339996399,0.5465739240050423,0.549844678552134,0.5719453448586349,0.5759769493967225,0.6534170718530524,0.6881528002881325,0.6628061408247794,0.7233432378894291,0.6797001620745543,0.5653340536646858,0.4464681253376553,0.6282842607599496,0.7374707365388078,0.7309764991896273,0.6961259679452548,0.7372208716009364,0.7616491085899514,0.758407617504052
0.6025729335494328,0.482964163515217,0.5139631730596075,0.6727557176301099,0.6963690797766973,0.6786601836844948,0.6691653160453809,0.7572505852692238,0.7139541689177021,0.4082658022690437,0.4702705744642536,0.5894358905096344,0.6095533945614984,0.657018728615163,0.7296934089681253,0.7518053304520079,0.7264586709886548,0.7328268503511615,0.5889339095984153,0.6705384476859355,0.5757743562038538,0.6601274086079596,0.6985593372951557,0.652046191247974,0.685129659643436,0.6681185845488924,0.734445344858635,0.5240838285611381,0.6437173599855934,0.5747523860976049,0.6374459751485684,0.5491378534125698,0.6079394021249775,0.6064402124977489,0.6448608860075635,0.6458986133621465,0.5226926886367729,0.4235390779758688,0.5566855753646678,0.60423194669548,0.6849158112731857,0.7670898613362147,0.7734580406987215,0.7581735098145147,0.7910543850171079
0.5368854673149649,0.5699621826039978,0.5656942193408968,0.6344363407167297,0.6741513596254277,0.6956712587790383,0.6824689357104268,0.7298149648838466,0.7268053304520079,0.4553372051143526,0.5660656401944895,0.676686025571763,0.6072438321627949,0.690928327030434,0.7214838825859895,0.7731113812353683,0.7123356744102287,0.7379119394921664,0.4285206194849631,0.6786354222942553,0.7092157392400504,0.6905749144606519,0.6992481541509095,0.688254096884567,0.6723978029893751,0.7165045921123717,0.7115230506032775,0.5492121375832884,0.6210089141004862,0.5846659463353143,0.5921686475778858,0.600423194669548,0.5943971726994417,0.6644201332613002,0.6798194669547992,0.6777395101746804,0.5254749684855033,0.5799185125157572,0.6700904916261481,0.6334053664685756,0.6977624707365389,0.7626890869800108,0.7902417612101567,0.7373356744102287,0.7545831082297857
0.5030163875382676,0.5897510354763191,0.6205519538987935,0.4791283990635692,0.6837497748964524,0.6394223842967766,0.6894291374032055,0.7375720331352422,0.7145349360705925,0.5958018188366649,0.6078966324509274,0.6387110570862596,0.6380019809112192,0.6493877183504413,0.7109512875922925,0.7094430938231586,0.7284238249594814,0.729006843147848,0.5269854132901135,0.6221524401224563,0.6882608499909959,0.6523838465694219,0.6677899333693499,0.6936948496308302,0.7416193949216641,0.6695029713668288,0.7165045921123717,0.5132811093102827,0.4903880785161174,0.6321087700342157,0.6097965063929407,0.6522622906537007,0.5560777957860616,0.6857194309382315,0.6227489645236809,0.6636142625607779,0.5141567621105709,0.5701557716549612,0.64889924365208,0.6902237529263462,0.7342224923464793,0.7449824419232847,0.7691765712227625,0.7606091301998918,0.7577188006482982
0.6407752566180442,0.5519584008643976,0.6089636232667027,0.6350216099405727,0.6786421754006843,0.7049207635512336,0.6919683054204935,0.7318994237349181,0.7041171438861877,0.6089771294795606,0.5690347559877544,0.6614104988294616,0.6355933729515577,0.6842179902755268,0.7610750945434901,0.76245723032595,0.756440212497749,0.7471749504772196,0.6216797226724293,0.4196898073113632,0.5644426436160634,0.6260849990995858,0.6295763551233567,0.63639924365208,0.7512313164055466,0.6681118314424636,0.7427809292274445,0.5562443724113092,0.6230843688096525,0.5980866198451287,0.6249527282549974,0.6389474158112731,0.5580497028633171,0.6597965063929407,0.660136412749865,0.6470601476679272,0.6195952638213578,0.5175040518638574,0.6923262200612281,0.6891770214298577,0.7191788222582387,0.7335224203133441,0.7832973167657122,0.7754276967405006,0.7639631730596075
0.4582050243111831,0.6214478660183684,0.5768120835584369,0.5080384476859355,0.6909148208175762,0.7232239330091842,0.7169660543850171,0.7170808571943094,0.7090941833243292,0.5523793444984693,0.6108117233927607,0.685721681973708,0.6206622546371331,0.7031852151989915,0.7249617323969026,0.7508779038357645,0.7130289933369349,0.7404623626868359,0.5738609760489826,0.6632450927426616,0.7051683774536286,0.6874639834323789,0.6726341617143886,0.6944039258058707,0.711180893210877,0.7140734737979471,0.7148793444984693,0.5414550693318927,0.595414640734738,0.5430217900234108,0.5042274446245273,0.5828291013866378,0.6380312443724113,0.6331690077435621,0.6477557176301099,0.6485638393661084,0.5825499729875743,0.62422339276067,0.7031874662344679,0.6449801908878083,0.7313164055465513,0.7433707005222402,0.7533135242211417,0.7155771654961283,0.7648905996758508
0.6324419232847109,0.6652282549972988,0.617409508373852,0.685242211417252,0.5758824059067171,0.6994890149468755,0.6763438681793625,0.7117549072573384,0.7050423194669548,0.6450612281649559,0.5421708986133621,0.6216729695660004,0.6518998739420133,0.6800603277507653,0.7030749144606518,0.7182446425355664,0.7019178822258239,0.7501868359445345,0.5751755807671528,0.7151202052944354,0.5018075814874843,0.7474135602377093,0.7057378894291374,0.6831622546371331,0.7359512875922924,0.6871038177561679,0.7320142265442104,0.5204596614442644,0.6039145506933189,0.6187061048082119,0.5446312803889789,0.6404488564739781,0.629704664145507,0.7027417612101567,0.6659305780659104,0.6609490365568161,0.6077818296416351,0.6823563839366109,0.6279240950837386,0.6595376373131641,0.7287839906356923,0.7402327570682514,0.7817981271384837,0.7328245993156852,0.7679002341076895
0.3780591572123176,0.505220151269584,0.6714703763731317,0.6587227624707366,0.6856091301998919,0.6991446065189988,0.6998356744102288,0.6997276247073654,0.6963623266702683,0.675542499549793,0.5521497388798847,0.6815505132360886,0.6763483702503151,0.6726341617143886,0.6913942913740321,0.6994912659823518,0.7417409508373852,0.74034981091302,0.6759949576805331,0.6251530704123898,0.6483342337475239,0.7203155951737799,0.7573631370430398,0.7071245272825499,0.6461282189807311,0.7406942193408967,0.7315527642715649,0.5010129659643436,0.5488182063749325,0.6052674230145867,0.54255132360886,0.6747276247073654,0.6673149648838466,0.6710224203133441,0.6306253376553215,0.6334031154330992,0.6422924545290833,0.5516815235008103,0.7345781559517378,0.6550468215379075,0.6604695660003602,0.7437038537727354,0.748102377093463,0.7638573743922205,0.7675558256798127
0.575839636232667,0.6289888348640374,0.5574329191428057,0.634544390419593,0.6205519538987935,0.6834121195750045,0.7012290653700702,0.7167319466954799,0.7277305060327751,0.5799117594093283,0.4182603997839005,0.6854830722132181,0.6558707005222402,0.6896497388798848,0.7072348280208895,0.7110593372951558,0.6994890149468755,0.7381482982171799,0.5186903475598775,0.6094048262200612,0.6693814154511075,0.6315482622006123,0.7264631730596074,0.5989037457230326,0.6443881685575366,0.7460179182423915,0.7190482622006122,0.5668444984692959,0.4891635152169998,0.5521204754186926,0.5433526922384297,0.6183549432739059,0.692783180262921,0.6140757248334234,0.6786601836844948,0.6681253376553214,0.5024851431658564,0.4591234467855213,0.6993607059247254,0.6686003061408248,0.754585359265262,0.7121015667206916,0.7276112011525302,0.7262335674410229,0.7654691157932649
0.5539483162254637,0.6455226904376012,0.7028340536646858,0.6044345398883486,0.657703043399964,0.6971704484062669,0.7009927066450568,0.695090491626148,0.7109467855213398,0.6338420673509815,0.5778092922744462,0.6346614442643616,0.6763326130019809,0.7120925625787862,0.643926706284891,0.7573608860075635,0.7188186565820277,0.7614127498649379,0.6147307761570322,0.6829303979830722,0.6894133801548712,0.6849068071312804,0.6786601836844948,0.6570007203313524,0.7057333873581848,0.7256482982171799,0.7269201332613002,0.6012538267603098,0.5321470376373132,0.5870070232306861,0.5859422834503871,0.6913852872321268,0.6360705924725374,0.7056253376553214,0.6851431658562939,0.6575949936971006,0.5596231766612642,0.6109310282730056,0.6181208355843688,0.6777327570682514,0.7048127138483702,0.7446402845308842,0.7417364487664326,0.7623424275166577,0.7751935890509634
0.5731721591932288,0.5302899333693499,0.4963803349540788,0.6014631730596074,0.6889496668467494,0.7029578606158833,0.7156942193408968,0.7508869079776697,0.7221749504772195,0.6641770214298577,0.6731158833063209,0.6362956960201693,0.6400009004141906,0.6368899693859176,0.7535453808752026,0.7188299117594094,0.7426683774536287,0.7376868359445345,0.5961214658743021,0.746621195750045,0.6066473077615704,0.6243764631730596,0.7234535386277687,0.7365298037097064,0.7273793444984693,0.7453291013866379,0.737569782099766,0.4809584909058166,0.541930037817396,0.5872411309202232,0.5282122276247073,0.6132721051683775,0.6307378894291373,0.6651202052944354,0.6116378534125698,0.6313164055465514,0.5507068251395643,0.7060913019989195,0.6696267783180263,0.6372231226364127,0.7351499189627229,0.7196402845308842,0.7706870160273727,0.7887403205474519,0.7632721051683775
0.5552336574824419,0.5989825319647037,0.6000652800288132,0.6744755087340176,0.6574891950297137,0.7193971726994417,0.7287727354583109,0.6954371510895012,0.7063164055465514,0.5164595714028453,0.6028025391680173,0.7063186565820276,0.7096794525481722,0.647044390419593,0.7273860976048983,0.7266950297136683,0.7425513236088601,0.7478682694039258,0.6643075814874843,0.5719498469295876,0.6183166756708085,0.7088578245993157,0.5867414010444805,0.6457770574464254,0.714186025571763,0.6638326130019809,0.7042319466954798,0.513458941112912,0.4742459031154331,0.5854808211777418,0.5680105348460291,0.606059787502251,0.6143188366648658,0.6526112011525302,0.6559742481541508,0.6533112731856654,0.5595083738519719,0.6080294435440303,0.7205632090761751,0.680953988834864,0.6990095443904196,0.7581780118854673,0.7470646497388799,0.7937173599855933,0.7479853232486944
0.4517040338555735,0.6020281829641636,0.6537682333873582,0.6732284350801369,0.6567666126418152,0.6652305060327751,0.6766837745362867,0.726573473797947,0.72182603997839,0.5778475598775437,0.536448766432559,0.6410206194849631,0.6217134882045741,0.5674185125157573,0.7280726634251755,0.7417386998019089,0.7446290293535026,0.7538897893030794,0.5828336034575905,0.5078043399963983,0.6252768773635873,0.6911466774716369,0.6165113452188007,0.7717292454529083,0.7838803349540788,0.6851364127498649,0.7218237889429138,0.5286444264361606,0.6581870160273726,0.5683707005222403,0.6085156672069152,0.6536444264361606,0.688494957680533,0.7218372951557717,0.6386097604898253,0.6728750225103548,0.5341594633531425,0.5764969385917522,0.7110683414370611,0.6233364847830002,0.6838645777057446,0.7143075814874842,0.7701017468035296,0.7655861696380335,0.7680150369169818
0.5215131460471817,0.6791103907797587,0.6109422834503873,0.6377948856473978,0.6077097965063929,0.6632608499909958,0.7243719611021069,0.7006460471817035,0.702843057806591,0.4839321087700342,0.6610548352242032,0.539735278227985,0.6771339816315505,0.6841076895371871,0.7106001260579866,0.7337587790383576,0.7654646137223122,0.7526134521880066,0.6380109850531245,0.4319106789122997,0.5911511795425896,0.6643075814874843,0.730629839726274,0.766401044480461,0.7118764631730596,0.699831172339276,0.717888978930308,0.5759544390419593,0.5679700162074555,0.5766522600396182,0.5967112371690977,0.6681253376553214,0.6411624347199711,0.6880334954078877,0.6471772015126959,0.6733342337475239,0.524428236989015,0.6695097244732577,0.5540946335314244,0.6754006843147848,0.729592112371691,0.7225193589050963,0.7714883846569422,0.7812106068791644,0.7559742481541509
0.6083918602557177,0.6406762110570863,0.5673239690257519,0.6609535386277687,0.5994912659823519,0.6667274446245273,0.7320209796506394,0.7085156672069152,0.709445344858635,0.5208986133621466,0.543037547271745,0.6588465694219341,0.6959008643976229,0.6124414730776157,0.6633779038357644,0.7549342697640915,0.7406897172699443,0.7382653520619485,0.6261975508734018,0.5570029713668287,0.6651089501170538,0.713488204574104,0.6637088060507833,0.6302651719791104,0.7244935170178282,0.725416441563119,0.6772622906537007,0.5145349360705925,0.5225778858274807,0.5712655321447866,0.5570029713668287,0.5645529443544031,0.5890644696560418,0.6435890509634432,0.6508801548712407,0.6602557176301098,0.594244102287052,0.5432401404646137,0.6970623987034036,0.6741288492706645,0.7156942193408968,0.712797136682874,0.7527417612101567,0.7443971726994418,0.7698721411849451
0.5874347199711868,0.6700792364487664,0.5999549792904737,0.5415788762830902,0.6457838105528544,0.705276427156492,0.715230506032775,0.7112911939492166,0.7236786421754007,0.4389136502791284,0.6296663965424095,0.5808797046641455,0.5240005402485144,0.7310890509634431,0.7578200972447325,0.6714861336214659,0.7259927066450567,0.7026112011525302,0.5418535026112011,0.5565865298037097,0.6122141184945075,0.6034215739240051,0.7316743201872862,0.6700769854132901,0.693354943273906,0.7145326850351161,0.7427809292274445,0.540872051143526,0.4296934089681253,0.5794480461012066,0.591738699801909,0.6402260039618224,0.59255132360886,0.647983072213218,0.6790158472897533,0.6919705564559697,0.506377183504412,0.6898748424275167,0.6167432018728616,0.6392783180262921,0.746141725193589,0.7064244552494148,0.7523951017468036,0.7535476319106789,0.7427786781919683
0.5016815235008103,0.6367323969025752,0.6624459751485683,0.6979785701422654,0.6807378894291374,0.6570209796506393,0.7152327570682514,0.6998334233747524,0.7168512515757248,0.6195007203313524,0.615568161354223,0.5824666846749504,0.5236583828561138,0.6860570862596795,0.7209076175040519,0.7325859895551954,0.7550490725733837,0.727264541689177,0.575267873221682,0.6121938591752206,0.6087250135062129,0.679112641815235,0.689764541689177,0.705163875382676,0.7078200972447326,0.710483072213218,0.7449779398523321,0.5220714028453088,0.5352872321267783,0.6013393661084099,0.5580519538987935,0.6762425715829281,0.6646452368089321,0.6934810012605799,0.66673194669548,0.6482216819737079,0.6105663605258419,0.6938186565820277,0.7188231586529804,0.5618494507473438,0.6356901674770394,0.7729965784260759,0.7478705204394022,0.7729943273905997,0.7592179902755267
0.5072933549432739,0.5889654240950838,0.5886052584188727,0.5940437601296596,0.7152282549972988,0.6867706645056726,0.718235638393661,0.7256482982171799,0.6979875742841708,0.4920741040878804,0.6255447505852691,0.6487731856654061,0.638247343778138,0.615822528363047,0.7380312443724113,0.7019246353322528,0.7345601476679273,0.7431253376553215,0.5728187466234468,0.5470669007743563,0.69324239150009,0.6196155231406446,0.7124549792904736,0.7457995678011886,0.7316720691518098,0.7200927426616244,0.7147690437601296,0.5266837745362867,0.536660363767333,0.5751688276607239,0.5817733657482442,0.6478795245813074,0.6358297316765712,0.690809022150189,0.679472807491446,0.6579394021249775,0.5100486223662885,0.6439469656041779,0.634184224743382,0.6727354583108229,0.7166464073473797,0.7358387358184765,0.7508846569421934,0.775889159013146,0.7802876823338736
0.5532549972987574,0.5406514496668468,0.6368449486763912,0.6393008283810553,0.6794615523140645,0.6970646497388799,0.7006437961462273,0.7053912299657843,0.723680893210877,0.5312601296596434,0.6032009724473257,0.5476274086079597,0.6021452368089321,0.6557401404646137,0.6283112731856655,0.7232171799027552,0.7419660543850171,0.7387313164055466,0.4350396182243832,0.467197911039078,0.6980978750225104,0.715928327030434,0.6114014946875563,0.7427809292274445,0.7185867999279669,0.6666103907797587,0.7156897172699441,0.4731203853772735,0.5391882766072393,0.5857464433639474,0.6345398883486404,0.6662682333873582,0.6781919683054205,0.6643053304520079,0.6777305060327751,0.6625697820997659,0.5328921303799747,0.6534440842787683,0.6047091662164596,0.6949689357104267,0.7102579686655861,0.7147780479020349,0.770563209076175,0.7788987934449847,0.7728817756167837
0.4414865838285611,0.611534305780659,0.5567891229965785,0.6754119394921664,0.6976274086079597,0.7449801908878084,0.6722920043219882,0.6936993517017829,0.7184719971186746,0.5688816855753647,0.6565302539168018,0.6623491806230866,0.7002971366828741,0.7149986493787142,0.6648815955339455,0.7140712227624707,0.7073631370430398,0.7416216459571403,0.5602332072753466,0.5188726814334593,0.65606654060868,0.7021564919863137,0.7719520979650639,0.7097830001800829,0.6910318746623447,0.7246083198271205,0.6822370790563659,0.594244102287052,0.5627543670088241,0.6256167837205114,0.6218215379074374,0.6002993877183505,0.608169007743562,0.6114127498649379,0.6643030794165317,0.6888438681793625,0.5380875202593193,0.5947078155951737,0.7187061048082117,0.6659440842787683,0.6618562038537728,0.7525054024851432,0.7461349720871601,0.7740365568161354,0.7574824419232847
0.5101949396722493,0.4678417071853052,0.6428799747884026,0.6456870160273727,0.6725193589050964,0.7111853952818297,0.7203200972447326,0.7251823338735819,0.7188164055465514,0.6375337655321447,0.5700792364487665,0.615597424815415,0.5998266702683235,0.6760962542769674,0.7265757248334234,0.6884994597514857,0.74104087880425,0.7394178822258239,0.5999122096164236,0.6741265982351882,0.6356023770934629,0.6180015307041239,0.7213870880605078,0.7526202052944355,0.7411579326490185,0.7369957680533046,0.7335201692778678,0.4758621465874302,0.5763461192148389,0.6353637673329732,0.5044660543850171,0.6357104267963263,0.6118629569602017,0.6735705924725374,0.6485660904015847,0.645788312623807,0.5507068251395643,0.5406424455249415,0.6708085719430938,0.6793535026112012,0.7331667567080857,0.7526202052944355,0.771148478300018,0.7483319827120476,0.7791283990635692
0.3733027192508554,0.6239937871420853,0.6352197010624887,0.649837925445705,0.696713488204574,0.7109445344858636,0.6871083198271204,0.7008801548712408,0.7151134521880065,0.5861336214658743,0.6511210156672069,0.6612776877363586,0.4802606699081577,0.7132721051683775,0.7383711507293355,0.7360638393661084,0.7138393661084099,0.7418490005402485,0.4636952998379254,0.4337497748964524,0.6831577525661804,0.7102557176301099,0.6910386277687737,0.6772622906537007,0.7336372231226365,0.710483072213218,0.7166171438861877,0.5024851431658564,0.5454664145506933,0.5640509634431838,0.661984512875923,0.6595533945614983,0.6118742121375833,0.7085314244552494,0.6465986853952819,0.6580587070052224,0.5825432198811453,0.5734670448406267,0.6551346119214838,0.6366626148028093,0.744984692958761,0.7364059967585089,0.7809832522960563,0.7684787502251036,0.7719498469295876
0.6180870700522241,0.6200567260940032,0.6462475238609761,0.6658000180082838,0.6835156672069151,0.7078200972447326,0.6984490365568161,0.6954371510895012,0.6946267783180262,0.4629457050243111,0.6461192148388258,0.6695142265442104,0.689877093462993,0.7161489285071132,0.720774806410949,0.7154646137223122,0.7571312803889789,0.745090491626148,0.6233004682153791,0.6511007563479201,0.4726431658562939,0.5257563479200432,0.7331847649918963,0.6655704123896993,0.7406964703763732,0.7029646137223122,0.7388438681793625,0.5195299837925446,0.5580677111471277,0.5745002701242572,0.6208941112911939,0.6075792364487664,0.6131437961462273,0.6374527282549973,0.6437061048082118,0.6529623626868359,0.5186813434179722,0.6419615523140645,0.6771384837025032,0.709551143526022,0.70574239150009,0.7292341977309562,0.7441810732937151,0.7540068431478479,0.7681320907617504
0.6512245632991176,0.4816495587970466,0.569025751845849,0.6294660543850171,0.6821290293535026,0.6757608499909958,0.6813186565820277,0.705848190167477,0.7144201332613003,0.6591977309562398,0.5522645416891769,0.6318026292094363,0.4103525121555915,0.7324734377813795,0.7462497748964524,0.7388416171438862,0.7087520259319287,0.7491446065189987,0.6097739960381776,0.6361718890689717,0.5991333513416172,0.60500855393481,0.6092022330271925,0.6757563479200432,0.6574644336394742,0.7276134521880064,0.7461372231226364,0.596677471636953,0.6075859895551954,0.6285498829461553,0.5139406627048443,0.603894291374032,0.6659238249594814,0.5693949216639654,0.626107509454349,0.6465941833243292,0.5685350261120116,0.6242256437961462,0.6788762830902215,0.5084008643976229,0.719052764271565,0.7024941473077615,0.7582905636592833,0.7710246713488205,0.7756573023590851
0.4213578245993157,0.5424185125157572,0.5530929227444624,0.6816833243291914,0.6664888348640374,0.6899986493787142,0.706552764271565,0.6989082477939852,0.7270349360705926,0.4842855213398163,0.6366198451287592,0.514651989915361,0.686865207995678,0.6930105348460291,0.7268143345939132,0.7058639474158113,0.7530771654961281,0.7411579326490185,0.6146204754186926,0.4044705564559697,0.4417341977309562,0.5549365207995678,0.7162839906356924,0.6686925985953539,0.6386052584188726,0.719518728615163,0.7161534305780659,0.5966797226724293,0.5400706825139564,0.5893953718710607,0.6417341977309562,0.5852557176301099,0.6927719250855393,0.6486718890689718,0.6443971726994417,0.6604853232486944,0.4147622906537007,0.5853254997298758,0.60032414910859,0.6469228345038718,0.7333018188366649,0.7626980911219161,0.7684832522960562,0.766972807491446,0.7497298757428417
0.5916171438861877,0.6052809292274446,0.6103570142265442,0.5584098685395282,0.5802876823338736,0.7000720331352422,0.6940572663425175,0.7021429857734558,0.7185845488924906,0.5129997298757428,0.5904511075094543,0.6367481541509095,0.6924140104448047,0.6580474518278407,0.6835246713488204,0.6966009364307582,0.7016950297136683,0.7459053664685755,0.5846704484062669,0.6109355303439582,0.6928844768593554,0.7257653520619485,0.6800243111831442,0.6618697100666306,0.683860075634792,0.7274963983432379,0.7177741761210157,0.5423014586709887,0.6074666846749505,0.4582995678011886,0.6168647577885827,0.6536534305780659,0.6853592652620206,0.6615343057806591,0.6434742481541509,0.6424297676931388,0.5305240410588871,0.6427584188726814,0.5154308481901675,0.7070029713668287,0.6993742121375832,0.702271294795606,0.7358387358184765,0.7643165856293895,0.7812151089501171
0.6127903835764452,0.5254974788402665,0.5779533585449306,0.6476431658562939,0.6930082838105529,0.6767985773455789,0.7163852872321268,0.7115207995678012,0.7137223122636414,0.5006482982171799,0.5492391500090041,0.5018728615162975,0.6839591211957501,0.6196447866018369,0.7043557536466775,0.7577075454709166,0.735602377093463,0.7499549792904736,0.5566135422294255,0.6227602197010624,0.4988969926166036,0.5908157752566181,0.6146317305960742,0.7004164415631191,0.6555037817396002,0.7435913019989195,0.7012223122636413,0.5347042139384117,0.5405411489285071,0.5888303619665046,0.6042274446245273,0.6974180623086619,0.6150099045560957,0.6932401404646137,0.6522690437601296,0.6564334593913199,0.55073383756528,0.6123041599135602,0.5671754006843148,0.6946110210696921,0.6360638393661084,0.7414010444804611,0.7600283630470016,0.7776269584008644,0.77936025571763
0.4343485503331532,0.664976139023951,0.6931253376553215,0.5786579326490185,0.6886097604898254,0.6892963263101026,0.6947415811273185,0.6993697100666306,0.7255312443724113,0.6182401404646137,0.6662659823518818,0.6825679812713848,0.6647735458310823,0.702737259139204,0.7092089861336215,0.7576017468035297,0.7562038537727355,0.7224068071312804,0.5551391139924365,0.4528475598775436,0.6601206555015307,0.7060913019989195,0.6494912659823519,0.6982194309382316,0.7258756528002881,0.6749459751485684,0.7273838465694219,0.4912344678552134,0.5331464973887988,0.5570344858634972,0.5265599675850892,0.6643053304520079,0.5707793084819017,0.6630267423014586,0.675416441563119,0.6383801548712408,0.5568431478480101,0.6834166216459572,0.6687916441563119,0.6905749144606519,0.7187241130920223,0.7700994957680534,0.774732126778318,0.7461372231226364,0.7746150729335495
0.6041936790923825,0.5378264001440662,0.6012425715829282,0.6457793084819017,0.6430082838105529,0.6865253016387538,0.699963983432379,0.7063164055465514,0.7214816315505133,0.6595533945614983,0.6247456329911759,0.6137043039798307,0.6178799747884026,0.669151809832523,0.6913897893030794,0.7312038537727354,0.7313164055465513,0.7274963983432379,0.5183661984512876,0.692339726274086,0.6117414010444805,0.602010174680353,0.6736628849270665,0.7629254457050243,0.716387538267603,0.6884904556095803,0.7350216099405726,0.6480888708806051,0.5420763551233567,0.5401179542589591,0.5310845488924906,0.5731023770934629,0.6786556816135423,0.6639654240950837,0.6572483342337475,0.6462520259319287,0.6256122816495588,0.6119822618404466,0.6769268863677291,0.6539888348640375,0.6736561318206375,0.7262335674410229,0.718361696380335,0.7349045560958041,0.7684764991896272
0.6214456149828921,0.6758621465874302,0.5423149648838466,0.597051143526022,0.6277395101746803,0.7012245632991176,0.7188209076175041,0.7074756888168557,0.7097897532865118,0.5839636232667027,0.5161219160813975,0.5936048082117774,0.6599000540248514,0.6784148208175761,0.6968147848010084,0.7441675670808572,0.7372186205654601,0.752151989915361,0.5652057446425356,0.4214411129119395,0.6200612281649559,0.6942958761030074,0.6884994597514857,0.7631640554655141,0.7233342337475239,0.7043512515757249,0.7217089861336214,0.5240320547451828,0.5262515757248334,0.6360750945434901,0.5724113092022329,0.6197483342337475,0.6437016027372592,0.6863001980911219,0.6734557896632452,0.6493742121375833,0.663141545110751,0.5219295876103007,0.6160656401944895,0.6647555375472718,0.7508914100486224,0.7360593372951558,0.7676706284891051,0.7550535746443363,0.7743809652440123
0.5748041599135603,0.6122951557716549,0.6816563119034755,0.4905749144606519,0.6152417612101566,0.7022667927246533,0.6592157392400504,0.7067823698901494,0.7230978750225103,0.5138236088600756,0.5074779398523321,0.670669007743562,0.631440212497749,0.6655749144606519,0.709332793084819,0.7154691157932649,0.7446335314244552,0.736759409328291,0.4499549792904736,0.5137088060507834,0.6406694579506573,0.6961327210516838,0.5945007203313524,0.7205519538987935,0.7200927426616244,0.6833963623266702,0.7196312803889788,0.5328876283090221,0.5856924185125157,0.5851409148208175,0.6851431658562939,0.6563141545110751,0.6362934449846929,0.6087407707545471,0.6030726634251755,0.6316675670808571,0.5617346479380515,0.6482194309382316,0.6594273365748244,0.7059742481541509,0.6746173239690257,0.719518728615163,0.7645484422834504,0.7559764991896272,0.7719520979650639
0.5235008103727715,0.6626710786962002,0.5767918242391501,0.6642805690617684,0.6581622546371331,0.6710201692778678,0.7049342697640915,0.675875652800288,0.6998334233747524,0.6501598235188186,0.6310732937151089,0.5848933009184225,0.5130402485143166,0.7045696020169279,0.7335314244552493,0.7264519178822257,0.7240253016387539,0.7489150009004142,0.5841999819917162,0.6465806771114713,0.6325657302359086,0.6599090581667567,0.6873356744102287,0.6421821537907437,0.7050378173960021,0.7334008643976229,0.7050423194669548,0.648201422654421,0.509713218080317,0.5927764271564919,0.5528453088420673,0.5997208716009365,0.6509859535386278,0.6063141545110751,0.6435867999279669,0.6658112731856654,0.5546551413650279,0.7040045921123717,0.6246848550333153,0.6529758688996938,0.7273928507113272,0.7446447866018369,0.744631280388979,0.7710314244552494,0.7676661264181524
0.4999099585809472,0.5908833063209076,0.584557896632451,0.611971006663065,0.6498176661264181,0.7169638033495408,0.6991423554835224,0.6921956600036017,0.7309742481541509,0.5723662884927067,0.6573338735818477,0.6349090581667567,0.6339883846569422,0.7145349360705925,0.704585359265262,0.7347920043219882,0.7502993877183504,0.7591009364307582,0.5715829281469476,0.5292477039438142,0.6018030794165317,0.597622906537007,0.7162749864937872,0.627595443904196,0.7115298037097064,0.6952007923644876,0.707703043399964,0.5031221862056545,0.4502093462992977,0.6559832522960563,0.5954281469475959,0.6092089861336214,0.6639654240950837,0.6670831082297857,0.6445119755087341,0.6557401404646137,0.5774491265982352,0.6048892490545651,0.646938591752206,0.6793602557176301,0.6709008643976229,0.7580677111471277,0.7369890149468755,0.7530839186025572,0.7643143345939132
0.4994237349180623,0.5666148928507113,0.5977444624527283,0.6798127138483703,0.6610593372951559,0.713508463893391,0.6987956960201693,0.733979380515037,0.6978637673329732,0.455226904376013,0.6430037817396002,0.6279713668287412,0.5708963623266703,0.6383801548712408,0.6757585989555195,0.7200927426616244,0.7464816315505133,0.7261120115253017,0.6421866558616963,0.6922114172519359,0.6631618044300378,0.67854087880425,0.6603525121555915,0.6941653160453809,0.7209008643976229,0.6477444624527282,0.7317823698901496,0.601544210336755,0.5603457590491626,0.5925738339636233,0.6250585269223843,0.598687646317306,0.6651112011525302,0.7243742121375832,0.6394246353322528,0.6621105708625967,0.4697190707725553,0.5261255177381595,0.6893008283810553,0.5959143706104808,0.7191608139744282,0.7075904916261481,0.7400054024851432,0.7633801548712408,0.7667432018728615
0.5368269403925806,0.4475396182243832,0.705157122276247,0.6765802269043759,0.7042364487664325,0.6768030794165316,0.6703200972447325,0.7152282549972988,0.7211327210516838,0.5950679812713848,0.6916216459571403,0.4662412209616423,0.6807243832162795,0.6772555375472717,0.7376800828381055,0.7059674950477219,0.700528993336935,0.7623401764811814,0.4842810192688637,0.597312263641275,0.6669773095623988,0.6706464973887989,0.6756370430397983,0.757716549612822,0.710483072213218,0.7012223122636413,0.7001800828381055,0.5202750765352062,0.5602759769493968,0.6086259679452548,0.6183324329191429,0.6613024491265982,0.6441608139744283,0.6710134161714388,0.6992549072573384,0.6312016027372591,0.5672676931388438,0.6740320547451828,0.5896362326670268,0.6699644336394741,0.6751823338735818,0.7265712227624708,0.697748964523681,0.7351409148208176,0.793136592832703
0.5220038717810193,0.656334413830362,0.5441338015487125,0.6334098685395282,0.6619822618404466,0.7250675310642896,0.7098010084638935,0.7204394021249775,0.709904556095804,0.5603390059427337,0.5390532144786602,0.6033090221501891,0.6726521699981991,0.726573473797947,0.7547001620745544,0.7317846209256258,0.7112956960201693,0.7471749504772196,0.5812691338015488,0.5978367549072573,0.5025031514496668,0.690363317125878,0.7350216099405726,0.6979785701422654,0.7357351881865658,0.6752926346119215,0.7114104988294616,0.4931388438681794,0.535863497208716,0.5455587070052224,0.5459976589231046,0.6601184044660544,0.6259994597514857,0.712810642895732,0.6493742121375833,0.648680893210877,0.597890779758689,0.5685035116153431,0.7161646857554476,0.749626328110931,0.7501958400864397,0.7526134521880066,0.7762403205474518,0.7633891590131461,0.7477579686655862
0.4636165135962543,0.5399018548532325,0.669730325949937,0.6707770574464254,0.6809719971186745,0.6870925625787863,0.6780771654961282,0.6914978390059427,0.7109467855213398,0.6343260399783901,0.5427516657662526,0.4308234287772375,0.5888371150729336,0.6009724473257698,0.7183526922384297,0.7415113452188007,0.7206645056726094,0.7574801908878084,0.6444939672249235,0.5365027912839906,0.5817756167837205,0.6600058526922384,0.7053934810012605,0.6960179182423916,0.6784193228885287,0.7504186925985954,0.7243742121375832,0.5119507473437781,0.5482351881865658,0.599477759769494,0.5052696740500631,0.6156942193408967,0.6653543129839726,0.6735773455789663,0.6464816315505133,0.6646519899153611,0.5247748964523681,0.5316090401584729,0.5769088780839186,0.6320299837925446,0.6713488204574104,0.7269178822258239,0.7864285071132722,0.735714928867279,0.7617661624347201
0.521945344858635,0.6428957320367369,0.6405861696380335,0.6870993156852152,0.5546866558616964,0.6872096164235548,0.7242571582928148,0.7121060687916441,0.7129119394921664,0.388931658562939,0.6647532865117954,0.554479560597875,0.7317891229965785,0.6303844768593554,0.7184742481541508,0.7449779398523321,0.7437038537727354,0.7397667927246534,0.5612101566720692,0.492607599495768,0.6616423554835225,0.594046011165136,0.6625787862416712,0.7043490005402485,0.6561880965244012,0.7002948856473978,0.7148815955339456,0.525670808571943,0.6129051863857374,0.5439222042139384,0.6014406627048442,0.5997231226364128,0.7065640194489464,0.6227444624527283,0.6481046281289393,0.6487979470556455,0.5182536466774716,0.5839321087700342,0.628428327030434,0.7344430938231586,0.7155839186025572,0.7318971726994418,0.7697528363047001,0.777046191247974,0.7581735098145147
0.5380042319466954,0.7020506933189268,0.5670786061588331,0.6388371150729335,0.6770259319286872,0.6664955879704664,0.6869845128759229,0.7196312803889788,0.7131460471817036,0.4986336214658743,0.5999144606518999,0.5491423554835224,0.6986651359625428,0.7169683054204934,0.7051616243471996,0.7165023410768954,0.7262223122636413,0.7446290293535026,0.3835156672069151,0.5894133801548713,0.510248964523681,0.6842247433819557,0.6540023410768954,0.7121015667206916,0.7080564559697461,0.7213623266702683,0.7121038177561678,0.5187646317305961,0.4880920223302719,0.586865207995678,0.5478660183684495,0.6455564559697461,0.5966009364307582,0.6962565280028814,0.6614172519358905,0.6408112731856654,0.4558256798127138,0.5869687556275887,0.5695074734377814,0.7215919322888529,0.689764541689177,0.7604988294615523,0.7860773455789664,0.7682446425355663,0.7746150729335495
0.6135895011705385,0.5692846209256258,0.6024581307401404,0.6707725553754728,0.6615162974968485,0.6959053664685756,0.7000742841707186,0.7205542049342697,0.7192801188546731,0.5604515577165496,0.617296956600036,0.6503016387538267,0.5850351161534306,0.6654646137223122,0.7371173239690257,0.735595623987034,0.733979380515037,0.7406942193408967,0.6171889068971728,0.6185958040698721,0.4276112011525301,0.6721614442643616,0.751001710786962,0.7028453088420673,0.7088645777057446,0.7252948856473977,0.6897622906537006,0.5276292094363407,0.6477467134882046,0.6402237529263461,0.5528227984873042,0.6691743201872862,0.6343305420493427,0.6956802629209436,0.7076017468035296,0.684911309202233,0.588819106789123,0.4914708265802269,0.6550535746443364,0.6707860615883307,0.706539258058707,0.7757743562038538,0.7382653520619485,0.7692891229965784,0.7656964703763731
0.5685620385377274,0.4389384116693679,0.612556275886908,0.6616265982351882,0.6165045921123717,0.6993697100666306,0.6817778678191968,0.7162727354583108,0.704810462812894,0.637767873221682,0.5982284350801368,0.6720488924905457,0.6751935890509635,0.7089748784440844,0.7117594093282911,0.7232171799027552,0.7359490365568162,0.6985615883306321,0.4392783180262921,0.5437241130920223,0.6247163695299838,0.6319827120475419,0.6235593372951558,0.721479380515037,0.7555172879524581,0.7131437961462272,0.7038830361966504,0.4015712227624707,0.5056005762650819,0.5568881685575364,0.6553822258238791,0.6352399603817757,0.5970533945614983,0.6621083198271205,0.677383846569422,0.6698653880785161,0.6088263101026472,0.538875382676031,0.5650639294075275,0.7372388798847469,0.6908000180082838,0.7192801188546731,0.7386142625607779,0.7505379974788402,0.7521564919863137
0.5359670448406266,0.6039618224383216,0.5073878984332792,0.6742436520799567,0.6778408067711147,0.6966009364307582,0.7357194309382316,0.7055060327750766,0.7244912659823519,0.4070997658923104,0.54751710786962,0.5126643255897713,0.7217179902755267,0.5624594813614263,0.6913920403385557,0.7170808571943094,0.7302786781919683,0.7456712587790384,0.5936588330632091,0.6614104988294616,0.683281559517378,0.7196335314244553,0.7101431658562939,0.6455474518278408,0.6648748424275166,0.7379186925985953,0.7154601116513596,0.5404105888708806,0.5708986133621465,0.5301638753826761,0.6702233027192509,0.5810913019989195,0.6490253016387538,0.6964928867278948,0.6331735098145147,0.6675490725733837,0.5718508013686295,0.550565009904556,0.6173329731676571,0.7126913380154871,0.6075994957680533,0.7458018188366649,0.7555150369169819,0.7680195389879345,0.7531987214118494
0.5496848550333153,0.6488969926166036,0.6439289573203674,0.6568724113092023,0.6627948856473977,0.7031919683054204,0.7051616243471996,0.6979830722132181,0.7064312083558437,0.5629029353502611,0.4428462092562578,0.63318251395642,0.62320817576085,0.687923194669548,0.6738001980911219,0.6890667206915181,0.7397712947956059,0.7316653160453809,0.5918399963983432,0.4725868899693859,0.6673194669547993,0.5294840626688276,0.7227557176301098,0.7228682694039259,0.6882631010264721,0.7191698181163335,0.6938119034755987,0.4103502611201152,0.5544975688816856,0.610595623987034,0.6195029713668287,0.6426503691698181,0.6446425355663605,0.6416081397442823,0.6876845849090581,0.6681275886907978,0.5410431298397262,0.4654376012965964,0.6431455969746083,0.6609310282730055,0.7356068791644156,0.7349158112731857,0.7096749504772195,0.7852647217720151,0.756440212497749
0.5393998739420133,0.4425445705024311,0.6627993877183505,0.5067643616063389,0.6526066990815775,0.7196335314244553,0.710483072213218,0.704810462812894,0.7263393661084099,0.5967855213398163,0.550317396002161,0.5512043039798307,0.6773883486403746,0.6116536106609041,0.7413920403385557,0.6814447145687016,0.7357171799027553,0.7263438681793626,0.4252836304700162,0.5075207095263822,0.5331442463533225,0.6998424275166577,0.6730888708806051,0.7156829641635152,0.7398905996758509,0.6748334233747524,0.7213623266702683,0.5760827480641095,0.588981181343418,0.5763168557536467,0.5814604718170359,0.5984535386277687,0.5956622546371331,0.6964838825859896,0.7184787502251035,0.6353705204394021,0.6343057806591033,0.6445299837925447,0.5894178822258238,0.6915180983252296,0.6756573023590853,0.7423194669547992,0.736660363767333,0.7529668647577885,0.7807491446065189
0.5436543309922565,0.5521677471636953,0.5705181883666487,0.6859377813794345,0.702271294795606,0.7262313164055465,0.7200927426616244,0.7141837745362867,0.7262268143345939,0.5026697280749145,0.6162839906356924,0.6886120115253016,0.6482149288672789,0.6923239690257519,0.6498401764811814,0.71314829821718,0.6646497388798847,0.7247231226364128,0.5698563839366109,0.6137110570862596,0.651805330452008,0.7173239690257518,0.6718237889429137,0.6737844408427877,0.6865230506032776,0.7411669367909238,0.7094408427876824,0.463868629569602,0.6075004502070953,0.5936003061408248,0.5957725553754727,0.6442846209256258,0.6383756528002882,0.701580226904376,0.6535431298397263,0.6847942553574644,0.5537187106068792,0.602172249234648,0.653167206915181,0.6802651719791104,0.726699531784621,0.7359512875922924,0.7040023410768954,0.7509994597514857,0.7739217540068432
0.4654195930127859,0.4761998019088781,0.4970646497388798,0.6405726634251756,0.6490230506032775,0.6820119755087339,0.6871015667206914,0.7153475598775436,0.7153453088420674,0.6440167477039438,0.540928327030434,0.677377093462993,0.6810822978570142,0.7161511795425896,0.7243719611021069,0.7456712587790384,0.7483319827120476,0.7666238969926167,0.6242278948316226,0.5673442283450387,0.6281964703763732,0.7312061048082118,0.7060890509634432,0.6964838825859896,0.7578268503511616,0.6662637313164055,0.72854087880425,0.5592967765171979,0.5831622546371331,0.6715919322888528,0.5948316225463713,0.6812061048082119,0.6197483342337475,0.6718282910138664,0.6512290653700703,0.6631505492526563,0.6135692418512516,0.4913717810192688,0.6872208716009365,0.6987866918782639,0.7049185125157572,0.759220241311003,0.7544705564559697,0.7453200972447326,0.768827660723933
0.5705497028633171,0.6015284530884206,0.6942756167837205,0.5765622186205654,0.6732104267963264,0.7048059607419412,0.6925445705024311,0.7080519538987935,0.7218282910138664,0.6766635152169997,0.4656491986313704,0.6669390419593013,0.6587520259319286,0.6468080316945795,0.6673284710967045,0.730163875382676,0.7400009004141905,0.7365275526742301,0.5994462452728255,0.588832613001981,0.5344430938231587,0.6351206555015307,0.6263281109310282,0.6344408427876823,0.678534125697821,0.72182603997839,0.7371105708625968,0.4638393661084099,0.6005177381595533,0.5760872501350621,0.6436993517017828,0.5561858454889249,0.6353750225103547,0.6744890149468755,0.6545831082297857,0.6303912299657843,0.5758283810552854,0.5893841166936791,0.7268030794165317,0.7286646857554475,0.7077075454709165,0.7609670448406267,0.7337497748964523,0.7643098325229606,0.7731113812353683
0.5755965244012246,0.6847807491446065,0.6578381055285432,0.6740207995678011,0.6391747703943814,0.689771294795606,0.7101319106789123,0.7227557176301098,0.7100193589050963,0.4818724113092022,0.5020484422834504,0.5960179182423915,0.6211304700162075,0.719271114712768,0.7112934449846929,0.7676706284891051,0.7446335314244552,0.7424297676931388,0.5263956419953179,0.5933166756708086,0.680283180262921,0.6112011525301639,0.6877971366828741,0.7005334954078877,0.7022690437601297,0.7117571582928147,0.6622141184945074,0.4978997839005943,0.6317981271384837,0.6185935530343958,0.6218057806591032,0.6540113452188007,0.6721681973707906,0.6908112731856655,0.6557378894291375,0.6411556816135422,0.4289888348640374,0.5192666126418152,0.7024851431658563,0.5723010084638934,0.767558076715289,0.7322438321627949,0.7871173239690257,0.7455609580406988,0.7716009364307581
0.5934269764091482,0.6390734737979471,0.5694984692958761,0.6831735098145146,0.6556253376553215,0.6952007923644876,0.7086349720871601,0.6996015667206915,0.729697911039078,0.5828358544930667,0.6162344678552134,0.6615005402485143,0.5884904556095805,0.6954349000540249,0.592303709706465,0.7198518818656582,0.7050423194669548,0.7487956960201693,0.6085944534485863,0.5654285971546911,0.6519043760129659,0.6908000180082838,0.636081847649919,0.7221726994417432,0.7603817756167837,0.7138371150729336,0.7335201692778678,0.5853300018008284,0.5588623266702684,0.5727309562398704,0.5655524041058887,0.5545696020169277,0.66673194669548,0.7078336034575905,0.6288852872321268,0.6461372231226363,0.5365613182063749,0.620295335854493,0.6283923104628129,0.5839861336214659,0.7237889429137403,0.7055060327750766,0.7507653520619485,0.7461349720871601,0.75284981091302
0.6295493426976408,0.5572280749144607,0.6625540248514317,0.5335269223842968,0.6666171438861876,0.6910318746623447,0.7059674950477219,0.7298172159193229,0.7309719971186746,0.5455384476859355,0.6546821537907437,0.5911714388618765,0.7070007203313524,0.7434697460831983,0.7210224203133442,0.7150031514496669,0.7433571943093823,0.7324734377813795,0.6080497028633172,0.5016612641815235,0.6585336754907257,0.5919457950657303,0.6509701962902935,0.7074711867459031,0.7309697460831983,0.722170448406267,0.724259409328291,0.5514609220241311,0.4973685395281829,0.5799027552674231,0.5433594453448587,0.6354853232486943,0.6166103907797587,0.7022690437601297,0.6269156311903475,0.6763438681793625,0.5234602917341977,0.667769674050063,0.4658045200792364,0.7021384837025032,0.7008666486583828,0.7493809652440122,0.72113497208716,0.7771632450927427,0.7377971366828742
0.6304722672429317,0.5961192148388259,0.6264586709886548,0.6631550513236089,0.6821155231406446,0.6483409868539528,0.667310462812894,0.7129141905276427,0.7170808571943094,0.3849968485503331,0.575099045560958,0.5519989195029714,0.7225351161534306,0.6754209436340717,0.6087362686835944,0.7724135602377094,0.738035746443364,0.7366446065189988,0.5119935170178282,0.6366153430578065,0.6460044120295336,0.7228682694039259,0.6515757248334233,0.6550378173960021,0.6751778318026291,0.6838578245993157,0.7030749144606518,0.5221974608319827,0.5034485863497209,0.5605933729515578,0.5572528363047001,0.5989059967585089,0.6863047001620746,0.6398770934629929,0.6814424635332252,0.6389541689177021,0.4183189267062849,0.5815842787682334,0.584177471636953,0.5880379974788403,0.6543692598595354,0.7039955879704665,0.7898973527822799,0.7691743201872862,0.7900144066270485
0.6253871781019269,0.5935552854312984,0.6780726634251756,0.5771294795605979,0.7321447866018368,0.705269674050063,0.7050445705024311,0.6950882405906718,0.7072415811273185,0.5219273365748245,0.6146722492346479,0.665561408247794,0.5990500630289933,0.6387178101926887,0.710023860976049,0.7197460831982712,0.7315482622006122,0.751114262560778,0.6251598235188187,0.5510039618224383,0.5959976589231046,0.5530636592832703,0.5690527642715649,0.6627971366828741,0.6644201332613002,0.7181253376553215,0.7391905276427156,0.559875292634612,0.6079258959121197,0.6072528363047002,0.504436790923825,0.6821357824599316,0.6748401764811813,0.6825994957680533,0.6546956600036017,0.6689379614622726,0.4285048622366288,0.557342877723753,0.6804902755267423,0.6622186205654601,0.6717022330271925,0.7488001980911219,0.7770484422834504,0.7703291013866378,0.7645461912479741
0.5598527822798487,0.5421754006843148,0.6287367188906897,0.6966009364307582,0.6543377453628669,0.6962520259319287,0.6860638393661085,0.7309742481541509,0.7115275526742302,0.6092877723752926,0.6587430217900234,0.4643863677291554,0.5544255357464434,0.6882698541329011,0.6742504051863858,0.7553934810012606,0.736759409328291,0.7269201332613002,0.5608950117053845,0.639404376012966,0.6743629569602017,0.5677674230145867,0.7077210516837746,0.6802809292274445,0.7298127138483703,0.7002971366828741,0.7089771294795606,0.5543354943273906,0.5268931208355844,0.6273883486403746,0.6186971006663065,0.6119800108049702,0.620887358184765,0.6529623626868359,0.6489172519358906,0.652730506032775,0.553378804249955,0.6384769493967225,0.5691428056906177,0.5723707905636592,0.6492774176121016,0.7229808211777418,0.7310867999279669,0.7325882405906717,0.7563231586529804
0.5725261120115253,0.5906717089861336,0.5551931388438681,0.6277237529263462,0.6756550513236088,0.6350126057986674,0.6917319466954799,0.7040000900414191,0.7226386637853413,0.4762988474698361,0.5555397983072213,0.6371015667206915,0.6664888348640374,0.7103705204394022,0.658169007743562,0.7470623987034035,0.7213645777057447,0.7349068071312803,0.5562803889789303,0.6177561678372051,0.6936070592472537,0.705163875382676,0.7008688996938592,0.688141545110751,0.7291171438861876,0.6935822978570143,0.717544570502431,0.5767715649198631,0.4840761750405187,0.6615343057806591,0.588128038897893,0.6957905636592833,0.58745723032595,0.693940212497749,0.6830564559697461,0.6525009004141905,0.4947213218080317,0.5614555195389879,0.5343012785881506,0.6918377453628669,0.7213645777057447,0.7069039258058707,0.7570209796506393,0.7585269223842968,0.7635039618224383
0.6461349720871601,0.5694917161894472,0.5314469656041779,0.6280681613542229,0.7197505852692239,0.6915023410768955,0.7212497748964524,0.7195097244732577,0.7004141905276426,0.5304542589591212,0.6309337295155771,0.5131235368269403,0.6497051143526023,0.7194016747703944,0.6357194309382316,0.7520326850351162,0.7117571582928147,0.7397667927246534,0.6026134521880064,0.5759611921483883,0.5924320187286152,0.6764564199531784,0.5729785701422654,0.7129209436340717,0.7018030794165315,0.6695074734377813,0.6898815955339457,0.5972942553574645,0.5217134882045741,0.5556320907617505,0.6573541329011345,0.6347920043219881,0.667197911039078,0.68676616243472,0.7064402124977489,0.6512245632991176,0.6603637673329732,0.6427449126598235,0.5874324689357104,0.6108342337475239,0.6673059607419414,0.7096907077255538,0.7570164775796867,0.7477557176301098,0.7721817035836485
0.5313074014046462,0.6110931028273006,0.4989667747163695,0.6622186205654601,0.6604808211777418,0.7147757968665587,0.6948631370430398,0.7423194669547992,0.7111763911399243,0.5562646317305961,0.5481834143706105,0.6561790923824959,0.7148815955339456,0.671945344858635,0.7043467495047722,0.717888978930308,0.7258779038357644,0.7479875742841707,0.5661376733297316,0.6408067711147127,0.658979380515037,0.6126643255897712,0.6527215018908699,0.6359377813794346,0.6855933729515578,0.7125652800288133,0.7118719611021069,0.597735458310823,0.6505199891950297,0.6169525481721592,0.6670786061588331,0.6388551233567441,0.6292296956600036,0.6556208355843688,0.6521564919863138,0.6834053664685755,0.597361786421754,0.5610728435080137,0.6385782459931568,0.7362956960201692,0.7298194669547993,0.7426773815955339,0.7453245993156852,0.765237259139204,0.7712565280028814
0.5311453268503512,0.4396384837025031,0.4428912299657843,0.5692531064289573,0.7019066270484423,0.6882585989555194,0.6972875022510354,0.6883801548712407,0.7073586349720872,0.5707860615883307,0.6267017828200973,0.4226116513596254,0.699943724113092,0.704472807491446,0.7098010084638935,0.7437061048082119,0.736068341437061,0.7522667927246534,0.4668535026112011,0.5499684855033316,0.6178732216819737,0.6729808211777417,0.6841031874662344,0.6996038177561679,0.7173149648838466,0.7413920403385557,0.7224068071312804,0.5937826400144066,0.6122546371330813,0.5675220601476679,0.6262268143345939,0.6364150009004141,0.6280749144606519,0.6884994597514857,0.6880424995497929,0.6531942193408968,0.6336372231226364,0.5550625787862417,0.5675355663605258,0.6802606699081577,0.6950859895551954,0.721141725193589,0.7519223842967766,0.7491468575544751,0.762803889789303
